"product_name","product_price","product_price_url"
"Smart LED Light Bulb 2.4G(Not 5G) E26 WiFi Multicolor Light Bulb Work with Alexa,Siri, Echo, Google Home (No Hub Required), A19 60W Equivalent RGB Color Changing Bulb (4 Pack)","$37.99","https://www.amazon.com/Multicolor-Google-Required-Equivalent-Changing/dp/B07QYMPT6W/ref=sr_1_1?dchild=1&keywords=smart+lights&qid=1588303604&sr=8-1"
"Govee Smart WiFi LED Strip Lights Works with Alexa, Google Home Brighter 5050 LED, 16 Million Colors Phone App Controlled Music Light Strip for Home, Kitchen, TV, Party, for iOS and Android, 16.4ft","$33.99","https://www.amazon.com/Govee-Brighter-Million-Controlled-Kitchen/dp/B07N1CMGQQ/ref=sr_1_2?dchild=1&keywords=smart+lights&qid=1588303604&sr=8-2"
"Smart Light Bulb, AL Above Lights Dimmable E26 9W Wi-Fi LED Smart Bulb, Works with Alexa, Echo, Google Home and Siri, Soft White (2700K), 60W Equivalent, 810 LM, RGB+W, ETL Listed - 2 Packs","$19.99","https://www.amazon.com/AL-Above-Lights-Dimmable-Equivalent/dp/B07SNRSWNY/ref=sr_1_3?dchild=1&keywords=smart+lights&qid=1588303604&sr=8-3"
"Philips Hue White A19 LED Smart Bulb, Bluetooth & Zigbee compatible (Hue Hub Optional), Works with Alexa & Google Assistant – A Certified for Humans Device","$14.97","https://www.amazon.com/Philips-Hue-Bluetooth-compatible-Assistant/dp/B07QV9XLTK/ref=sxin_7_ac_d_rm?ac_md=0-0-c21hcnQgbGlnaHRz-ac_d_rm&cv_ct_cx=smart+lights&dchild=1&keywords=smart+lights&pd_rd_i=B07QV9XLTK&pd_rd_r=85b969ef-3b07-4d8f-8342-c06a6fc37997&pd_rd_w=RScEo&pd_rd_wg=ti12u&pf_rd_p=a0516f22-66df-4efd-8b9a-279a864d1512&pf_rd_r=89B11JMBQ5NG1TVRM6KD&psc=1&qid=1588303604&sr=1-1-12d4272d-8adb-4121-8624-135149aa9081"
"Philips Hue Play White & Color Smart Light, 2 Pack Base kit, Hub Required/Power Supply Included (Works with Amazon Alexa, Apple Homekit & Google Home)","$129.99","https://www.amazon.com/Philips-White-Color-Ambiance-Double/dp/B07GXB3S7Z/ref=sxin_7_ac_d_rm?ac_md=1-1-cGhpbGlwcyBodWU%3D-ac_d_rm&cv_ct_cx=smart+lights&dchild=1&keywords=smart+lights&pd_rd_i=B07GXB3S7Z&pd_rd_r=85b969ef-3b07-4d8f-8342-c06a6fc37997&pd_rd_w=RScEo&pd_rd_wg=ti12u&pf_rd_p=a0516f22-66df-4efd-8b9a-279a864d1512&pf_rd_r=89B11JMBQ5NG1TVRM6KD&psc=1&qid=1588303604&sr=1-2-12d4272d-8adb-4121-8624-135149aa9081"
"Govee 32.8ft LED Strip Lights Works with Alexa Google Home, Wireless Smart App Control RGB Light Strip Kit Music Sync for Room TV Kitchen Home Party, Bright 5050 LEDs, 16 Million Colors, Easy Install","$59.99","https://www.amazon.com/Govee-Wireless-Control-Kitchen-Million/dp/B07WHP2V77/ref=sxin_7_ac_d_rm?ac_md=3-2-c21hcnQgbGlnaHQgc3RyaXA%3D-ac_d_rm&cv_ct_cx=smart+lights&dchild=1&keywords=smart+lights&pd_rd_i=B07WHP2V77&pd_rd_r=85b969ef-3b07-4d8f-8342-c06a6fc37997&pd_rd_w=RScEo&pd_rd_wg=ti12u&pf_rd_p=a0516f22-66df-4efd-8b9a-279a864d1512&pf_rd_r=89B11JMBQ5NG1TVRM6KD&psc=1&qid=1588303604&sr=1-3-12d4272d-8adb-4121-8624-135149aa9081"
"Sengled Smart Hub, For Use with Sengled Smart Products, Compatible with Alexa and Google Assistant","$29.99","https://www.amazon.com/Sengled-Z02-hub-Smart-Hub-White/dp/B07HKSTLB5/ref=sxin_7_ac_d_rm?ac_md=4-3-c2VuZ2xlZA%3D%3D-ac_d_rm&cv_ct_cx=smart+lights&dchild=1&keywords=smart+lights&pd_rd_i=B07HKSTLB5&pd_rd_r=85b969ef-3b07-4d8f-8342-c06a6fc37997&pd_rd_w=RScEo&pd_rd_wg=ti12u&pf_rd_p=a0516f22-66df-4efd-8b9a-279a864d1512&pf_rd_r=89B11JMBQ5NG1TVRM6KD&psc=1&qid=1588303604&sr=1-4-12d4272d-8adb-4121-8624-135149aa9081"
"Philips Hue White Ambiance Smart Bulb Starter Kit (4 A19 Bulbs and 1 Hub Compatible with Alexa, Apple HomeKit, and Google Assistant) and Lutron Aurora Smart Bulb Dimmer","$159.94","https://www.amazon.com/Philips-Ambiance-Compatible-Assistant-Lutron/dp/B07YMBM78G/ref=sxin_9_osp17-7be271fb_cov?ascsubtag=amzn1.osa.7be271fb-10e6-42d4-855a-bdc568ffa0f2.ATVPDKIKX0DER.en_US&creativeASIN=B07YMBM78G&cv_ct_cx=smart+lights&cv_ct_id=amzn1.osa.7be271fb-10e6-42d4-855a-bdc568ffa0f2.ATVPDKIKX0DER.en_US&cv_ct_pg=search&cv_ct_wn=osp-search&dchild=1&keywords=smart+lights&linkCode=oas&pd_rd_i=B07YMBM78G&pd_rd_r=85b969ef-3b07-4d8f-8342-c06a6fc37997&pd_rd_w=EOXV0&pd_rd_wg=ti12u&pf_rd_p=ff28ffeb-0bd3-46bd-a00c-4c3cc2d00812&pf_rd_r=89B11JMBQ5NG1TVRM6KD&qid=1588303604&sr=1-1-32a32192-7547-4d9b-b4f8-fe31bfe05040&tag=digitaltren0b-20"
"Nanoleaf Rhythm Edition Smarter Kit - NL28-2003TW-9PK","",""
"Wyze Bulb 800 Lumen A19 LED Smart Home Light Bulb, Adjustable white temperature and brightness, works with Alexa and the Google Assistant, No Hub Required, 4-Pack","$39.80","https://www.amazon.com/Wyze-Adjustable-temperature-brightness-Assistant/dp/B07RF9NCDP/ref=sxin_9_osp17-7be271fb_cov?ascsubtag=amzn1.osa.7be271fb-10e6-42d4-855a-bdc568ffa0f2.ATVPDKIKX0DER.en_US&creativeASIN=B07RF9NCDP&cv_ct_cx=smart+lights&cv_ct_id=amzn1.osa.7be271fb-10e6-42d4-855a-bdc568ffa0f2.ATVPDKIKX0DER.en_US&cv_ct_pg=search&cv_ct_wn=osp-search&dchild=1&keywords=smart+lights&linkCode=oas&pd_rd_i=B07RF9NCDP&pd_rd_r=85b969ef-3b07-4d8f-8342-c06a6fc37997&pd_rd_w=EOXV0&pd_rd_wg=ti12u&pf_rd_p=ff28ffeb-0bd3-46bd-a00c-4c3cc2d00812&pf_rd_r=89B11JMBQ5NG1TVRM6KD&qid=1588303604&sr=1-3-32a32192-7547-4d9b-b4f8-fe31bfe05040&tag=digitaltren0b-20"
"Kasa Smart Light Bulb, LED Smart WiFi Alexa Bulbs works with Alexa and Google Home,A19 Tunable,2.4Ghz,No Hub Required, 800LM Tunable White(2700K-5000K), 10W(KL120)","$24.99","https://www.amazon.com/Smart-Light-Tunable-White-TP-Link/dp/B07FZ289NH/ref=sxin_9_osp17-7be271fb_cov?ascsubtag=amzn1.osa.7be271fb-10e6-42d4-855a-bdc568ffa0f2.ATVPDKIKX0DER.en_US&creativeASIN=B07FZ289NH&cv_ct_cx=smart+lights&cv_ct_id=amzn1.osa.7be271fb-10e6-42d4-855a-bdc568ffa0f2.ATVPDKIKX0DER.en_US&cv_ct_pg=search&cv_ct_wn=osp-search&dchild=1&keywords=smart+lights&linkCode=oas&pd_rd_i=B07FZ289NH&pd_rd_r=85b969ef-3b07-4d8f-8342-c06a6fc37997&pd_rd_w=EOXV0&pd_rd_wg=ti12u&pf_rd_p=ff28ffeb-0bd3-46bd-a00c-4c3cc2d00812&pf_rd_r=89B11JMBQ5NG1TVRM6KD&qid=1588303604&sr=1-4-32a32192-7547-4d9b-b4f8-fe31bfe05040&tag=digitaltren0b-20"
"Smart WiFi Light Bulb, LED RGB Color Changing, Compatible with Alexa and Google Home Assistant, No Hub Required, A19 E26 Multicolor LUMIMAN 2 Pack","$22.99","https://www.amazon.com/Changing-Compatible-Assistant-Multicolor-LUMIMAN/dp/B07DLSNNDS/ref=sxin_11_sk-bs-2-na_084ff3a289b9a416fa42b5c6add063d81b3ef3e8?cv_ct_cx=smart+lights&dchild=1&keywords=smart+lights&pd_rd_i=B07DLSNNDS&pd_rd_r=85b969ef-3b07-4d8f-8342-c06a6fc37997&pd_rd_w=JL1Dr&pd_rd_wg=ti12u&pf_rd_p=0103fdde-1c7b-4b6e-a78a-b262cf0ce16b&pf_rd_r=89B11JMBQ5NG1TVRM6KD&qid=1588303604&sr=1-1-ef6ec057-d556-4fd0-bed3-084ae9cc889f"
"Alexa Smart Light Bulb, RGB Color Changing LED Bulbs, Works with Alexa and Google Home, A19 E26 Bulb 60 Watt Dimmable, No Hub Required, 2 Pack","$21.99","https://www.amazon.com/LampUX-Changing-Dimmable-Equivalent-Required/dp/B07PY5ZFM7/ref=sxin_11_sk-bs-2-na_084ff3a289b9a416fa42b5c6add063d81b3ef3e8?cv_ct_cx=smart+lights&dchild=1&keywords=smart+lights&pd_rd_i=B07PY5ZFM7&pd_rd_r=85b969ef-3b07-4d8f-8342-c06a6fc37997&pd_rd_w=JL1Dr&pd_rd_wg=ti12u&pf_rd_p=0103fdde-1c7b-4b6e-a78a-b262cf0ce16b&pf_rd_r=89B11JMBQ5NG1TVRM6KD&qid=1588303604&sr=1-2-ef6ec057-d556-4fd0-bed3-084ae9cc889f"
"Smart Light Bulb, AL Above Lights Dimmable E26 9W Wi-Fi LED Smart Bulb, Works with Alexa, Echo, Google Home and Siri, Soft White (2700K), 60W Equivalent, 810 LM, RGB+W, ETL Listed - 2 Packs","$19.99","https://www.amazon.com/AL-Above-Lights-Dimmable-Equivalent/dp/B07SNRSWNY/ref=sxin_11_sk-bs-2-na_084ff3a289b9a416fa42b5c6add063d81b3ef3e8?cv_ct_cx=smart+lights&dchild=1&keywords=smart+lights&pd_rd_i=B07SNRSWNY&pd_rd_r=85b969ef-3b07-4d8f-8342-c06a6fc37997&pd_rd_w=JL1Dr&pd_rd_wg=ti12u&pf_rd_p=0103fdde-1c7b-4b6e-a78a-b262cf0ce16b&pf_rd_r=89B11JMBQ5NG1TVRM6KD&qid=1588303604&sr=1-3-ef6ec057-d556-4fd0-bed3-084ae9cc889f"
"Smart WiFi Alexa Light Bulbs 2.4G, SAUDIO LED RGB Color Changing Bulbs, Compatible with Siri,Alexa,IFTTT and Google Home Assistant, No Hub Required, A19 E26 Multicolor 4 Pack","$37.99","https://www.amazon.com/SAUDIO-Changing-Compatible-Assistant-Multicolor/dp/B07RX62616/ref=sxin_11_sk-bs-2-na_084ff3a289b9a416fa42b5c6add063d81b3ef3e8?cv_ct_cx=smart+lights&dchild=1&keywords=smart+lights&pd_rd_i=B07RX62616&pd_rd_r=85b969ef-3b07-4d8f-8342-c06a6fc37997&pd_rd_w=JL1Dr&pd_rd_wg=ti12u&pf_rd_p=0103fdde-1c7b-4b6e-a78a-b262cf0ce16b&pf_rd_r=89B11JMBQ5NG1TVRM6KD&qid=1588303604&sr=1-4-ef6ec057-d556-4fd0-bed3-084ae9cc889f"
"Kasa Smart WiFi Light Bulb, Dimmable by TP-Link – No Hub Required, Works with Alexa & Google (KL110)","$14.99","https://www.amazon.com/Kasa-Smart-Light-Dimmable-TP-Link/dp/B07G1PH3JL/ref=sxin_11_sk-bs-2-na_084ff3a289b9a416fa42b5c6add063d81b3ef3e8?cv_ct_cx=smart+lights&dchild=1&keywords=smart+lights&pd_rd_i=B07G1PH3JL&pd_rd_r=85b969ef-3b07-4d8f-8342-c06a6fc37997&pd_rd_w=JL1Dr&pd_rd_wg=ti12u&pf_rd_p=0103fdde-1c7b-4b6e-a78a-b262cf0ce16b&pf_rd_r=89B11JMBQ5NG1TVRM6KD&qid=1588303604&sr=1-5-ef6ec057-d556-4fd0-bed3-084ae9cc889f"
"Smart WiFi Light Bulb, LED RGB Color Changing, Compatible with Alexa and Google Home Assistant, No Hub Required, A19 E26 Multicolor LUMIMAN 2 Pack","$22.99","https://www.amazon.com/Changing-Compatible-Assistant-Multicolor-LUMIMAN/dp/B07DLSNNDS/ref=sr_1_4?dchild=1&keywords=smart+lights&qid=1588303604&sr=8-4"
"Philips Hue Play White & Color Smart Light, 2 Pack Base kit, Hub Required/Power Supply Included (Works with Amazon Alexa, Apple Homekit & Google Home)","$129.99","https://www.amazon.com/Philips-White-Color-Ambiance-Double/dp/B07GXB3S7Z/ref=sr_1_5?dchild=1&keywords=smart+lights&qid=1588303604&sr=8-5"
"Wyze Bulb 800 Lumen A19 LED Smart Home Light Bulb, Adjustable white temperature and brightness, works with Alexa and the Google Assistant, No Hub Required, 4-Pack","$39.80","https://www.amazon.com/Wyze-Adjustable-temperature-brightness-Assistant/dp/B07RF9NCDP/ref=sr_1_6?dchild=1&keywords=smart+lights&qid=1588303604&sr=8-6"
"Smart WiFi Alexa Light Bulbs 2.4G, SAUDIO LED RGB Color Changing Bulbs, Compatible with Siri,Alexa,IFTTT and Google Home Assistant, No Hub Required, A19 E26 Multicolor 4 Pack","$37.99","https://www.amazon.com/SAUDIO-Changing-Compatible-Assistant-Multicolor/dp/B07RX62616/ref=sr_1_7?dchild=1&keywords=smart+lights&qid=1588303604&sr=8-7"
"Smart WiFi Light Bulb Works with Alexa Google Home, NiteBird RGB Color Changing Dimmable A19 E26 LED Lights Bulbs, Warm White 2700k, 75W Equivalent, No Hub Required,4 Pack","$32.99","https://www.amazon.com/NiteBird-Changing-Dimmable-Equivalent-Required/dp/B0824HJ4NN/ref=sr_1_8?dchild=1&keywords=smart+lights&qid=1588303604&sr=8-8"
"BERENNIS Smart Light Bulb, A19 E26 RGBCW WiFi Dimmable Multicolor LED Lights, Compatible with Alexa, Google Home and IFTTT (No Hub Required) 7W (60w Equivalent) 3 Pack","$29.99","https://www.amazon.com/BERENNIS-Dimmable-Multicolored-Required-Compatible/dp/B07GGWNQT7/ref=sr_1_9?dchild=1&keywords=smart+lights&qid=1588303604&sr=8-9"
"Smart WiFi Light Bulb, LUMIMAN LED RGBCW Color Changing, Compatible with Alexa, Siri and Google Home Assistant, No Hub Required, A19 E26 Multicolor 4 Pack","$39.99","https://www.amazon.com/LUMIMAN-Changing-Compatible-Assistant-Multicolor/dp/B07XYXY5QR/ref=sr_1_10?dchild=1&keywords=smart+lights&qid=1588303604&sr=8-10"
"Smart Light Bulbs,TECKIN LED RGB Color Changing,E27 100W 1300LM Equivalent Compatible with Alexa and Google Home,IFTTT,2900K-6000K BR30 WiFi Light Blubs(13W),4 Pack","$69.99","https://www.amazon.com/TECKIN-Changing-Equivalent-Compatible-2900K-6000K/dp/B07ZFSW1YJ/ref=sr_1_11?dchild=1&keywords=smart+lights&qid=1588303604&sr=8-11"
"Taloya Smart Ceiling Light Flush Mount LED WiFi, Compatible with Alexa Google Home, Dimmable Low Profile Ambient Light Fixture for Bedroom Living Room,12 Inch 24W","$89.99","https://www.amazon.com/Taloya-Ceiling-Compatible-Dimmable-Profile/dp/B07WY3VM1M/ref=sr_1_12?dchild=1&keywords=smart+lights&qid=1588303604&sr=8-12"
"Sengled Smart Light Bulb, Smart Bulbs That Work with Alexa, Google Home & IFTTT (Smart Hub Required), Smart LED Light Bulb BR30 Soft White Dimmable LED Light, 65W Equivalent, 9W 650LM, 6 Pack","$49.99","https://www.amazon.com/Sengled-Equivalent-Compatible-SmartThings-Assistant/dp/B07XJTXCKF/ref=sr_1_13?dchild=1&keywords=smart+lights&qid=1588303604&sr=8-13"
"Sengled Smart Light Bulb, Smart Bulbs that Work with Alexa, Google Home, Smart Hub Required, Smart LED Light Bulb A19 Dimmable , 800LM Soft White (2700K), 9W (60W Equivalent), 4 Pack","$33.14","https://www.amazon.com/Sengled-Required-Equivalent-Assistant-SmartThings/dp/B072M5RT6L/ref=sr_1_14?dchild=1&keywords=smart+lights&qid=1588303604&sr=8-14"
"Philips Hue White 4-Pack A19 LED Smart Bulb, Bluetooth & Zigbee compatible (Hue Hub Optional), Works with Alexa & Google Assistant – A Certified for Humans Device","$49.99","https://www.amazon.com/Philips-Hue-Bluetooth-compatible-Assistant/dp/B07QWB3J8W/ref=sr_1_15?dchild=1&keywords=smart+lights&qid=1588303604&sr=8-15"
"Philips Hue 551788-2 Filament Smart Light Bulb, 2-Pack, Amber","$52.99","https://www.amazon.com/Philips-Hue-551788-2-Filament-2-Pack/dp/B082MTG8JK/ref=sr_1_16?dchild=1&keywords=smart+lights&qid=1588303604&sr=8-16"
"Sengled Smart Light Bulb, WiFi Light Bulbs No Hub Required, Smart Bulbs That Work with Alexa & Google Home, Smart LED Light A19 Soft White Light (2700K), 800LM 60W Equivalent, 4 Pack","$36.99","https://www.amazon.com/Sengled-Smart-Required-Google-Equivalent/dp/B085P1PKNN/ref=sr_1_17?dchild=1&keywords=smart+lights&qid=1588303604&sr=8-17"
"Smart LED Light Bulb 2.4G(Not 5G) E26 WiFi Multicolor Light Bulb Work with Siri,Alexa, Echo, Google Home (No Hub Required), Peteme A19 60W Equivalent RGB Color Changing Bulb (2 Pack)","$20.99","https://www.amazon.com/Multicolor-Required-Peteme-Equivalent-Changing/dp/B07MKDLV1V/ref=sr_1_18?dchild=1&keywords=smart+lights&qid=1588303604&sr=8-18"
"OHLUX Smart WiFi LED Light Bulbs Compatible with Alexa Google Home and IFTTT(No Hub Required), RGBCW Multi-Color, Warm to Cool White Dimmable, 60W Equivalent, 7W E26 A19 Color Changing Bulb-6PACK","$59.99","https://www.amazon.com/OHLUX-Compatible-Multi-Color-Equivalent-Bulb-6PACK/dp/B083NTZ8TC/ref=sr_1_19?dchild=1&keywords=smart+lights&qid=1588303604&sr=8-19"
"TECKIN Smart Light Bulb,LED RGB Color Changing 2.4G(Not 5G),E27 100W 1300LM Equivalent Compatible with Alexa and Google Home,IFTTT,2900K-6000K BR30 WiFi Light Blubs(13W),1 Pack","$20.99","https://www.amazon.com/TECKIN-Changing-Equivalent-Compatible-2900K-6000K/dp/B07RZKV7FQ/ref=sr_1_20?dchild=1&keywords=smart+lights&qid=1588303604&sr=8-20"
"LIFX 1100-Lumen, 11W Dimmable A19 LED Light Bulb (LHA19E26UC10) Multi Colored - 75W - New","$46.84","https://www.amazon.com/LIFX-Adjustable-Multicolor-Dimmable-Assistant/dp/B01KY02MS8/ref=sr_1_21?dchild=1&keywords=smart+lights&qid=1588303604&sr=8-21"
"Single Pole Treatlife Smart Light Switch (Neutral Wire Required), 2.4Ghz Wi-Fi Light Switch, Works with Alexa and Google Assistant, Schedule, Remote Control, Single Pole, ETL Listed (4 Pack)","$49.99","https://www.amazon.com/Treatlife-Smart-Light-Switch-Assistant/dp/B07R4MFWCQ/ref=sr_1_22?dchild=1&keywords=smart+lights&qid=1588303604&sr=8-22"
"Kasa Smart Light Bulb, LED Multicolor Smart WiFi Alexa Bulbs works with Alexa and Google Home, A19,2.4Ghz, No Hub Required, 800LM RGB Color Changing (2500K-9000K), 10.5W(KL130)","$29.99","https://www.amazon.com/Kasa-Smart-Light-Multicolor-TP-Link/dp/B07FZ6PLJG/ref=sr_1_23?dchild=1&keywords=smart+lights&qid=1588303604&sr=8-23"
"MagicLight Smart WiFi Bulb No Hub Required, Dimmable Multicolor E26 A19 7W (60w Equivalent) RGBCW LED Smart Light, Works with Alexa Google Home and Siri (4 Pack)","$34.99","https://www.amazon.com/MagicLight-Required-Multicolor-Equivalent-Compatible/dp/B07VQLZBNW/ref=sr_1_24?dchild=1&keywords=smart+lights&qid=1588303604&sr=8-24"
"Smart Light Bulbs E12 Base LED Candelabra Bulbs, Color Changing and Dimmable, Compatible with Alexa Google Home, Tunable White Chandelier Light Bulbs 320 lm 35w Equivalent, 4 Pack","$37.99","https://www.amazon.com/Candelabra-Changing-Compatible-Chandelier-Equivalent/dp/B07WGL5L8Q/ref=sr_1_25?dchild=1&keywords=smart+lights&qid=1588303604&sr=8-25"
"Aigital Smart Light Bulb Works with Alexa,A19 LED WiFi Color Changing Dimmable Bulb Cool&Warm Night Light, 9W No Hub Required(Remote&Voice Control, Memory Function, DIY Scene Mode) Upgraded","$25.99","https://www.amazon.com/Aigital-Changing-Dimmable-Multicolor-Required/dp/B07ZCSRSCQ/ref=sr_1_26?dchild=1&keywords=smart+lights&qid=1588303604&sr=8-26"
"Smart Light Bulb, Works with Alexa, Echo, Google Home and Siri, AL Above Lights Dimmable E26 9W Wi-Fi LED Smart Bulb, Soft White (2700K), 60W Equivalent, 810 LM, RGB+W, ETL Listed - 1 Pack","$13.99","https://www.amazon.com/AL-Above-Lights-Dimmable-Equivalent/dp/B07SN3MZM7/ref=sr_1_27?dchild=1&keywords=smart+lights&qid=1588303604&sr=8-27"
"OHLUX Smart WiFi LED Light Bulbs Compatible with Alexa Google Home and IFTTT(No Hub Required), RGBCW Multi-Color, Warm to Cool White Dimmable, 60W Equivalent, 7W E26 A19 Color Changing Bulb-4PACK","$34.99","https://www.amazon.com/OHLUX-Compatible-Equivalent-Multi-Color-Bulb-4PACK/dp/B07LCB3HQJ/ref=sr_1_28?dchild=1&keywords=smart+lights&qid=1588303604&sr=8-28"
"Geeni Prisma 1050 Wi-Fi Multicolor Light Bulbs (2700K), 4-Pack – Dimmable LED Bulbs, 75-Watt Equivalent – No Hub Required – Works with Amazon Alexa, Google Assistant, Microsoft Cortana","$49.99","https://www.amazon.com/Geeni-4-Pack-Smart-Wi-Fi-Color/dp/B07K51369Z/ref=sr_1_29?dchild=1&keywords=smart+lights&qid=1588303604&sr=8-29"
"Light Bulb Camera,Include 16GB Card 1080P WiFi Security Camera, 2MP Wireles IP LED Cam,360 Degrees Panoramic VR Indoor/Outdoor Home Surveillance Cameras,Motion Detection/Night Vision/Alarm","$29.98","https://www.amazon.com/Include-Security-Panoramic-Surveillance-Detection/dp/B082S9PBHK/ref=sr_1_30?dchild=1&keywords=smart+lights&qid=1588303604&sr=8-30"
"Philips Hue White LED Smart Light Bulb Starter Kit, 3 A19 Smart Bulbs & 1 Hue Hub, (Works with Alexa, Apple HomeKit, and Google Assistant)","$79.99","https://www.amazon.com/Philips-Hue-Starter-HomeKit-Assistant/dp/B07QZHMM4P/ref=sr_1_31?dchild=1&keywords=smart+lights&qid=1588303604&sr=8-31"
"Sengled Smart Light Bulb, Smart Bulbs that work with Alexa, Google Home & IFTTT (Smart Hub Required), Smart LED Light Bulb BR30 Soft White Dimmable LED Light, 65W Equivalent, 9W 650LM, 4 Pack","$37.49","https://www.amazon.com/Sengled-Required-Equivalent-Assistant-SmartThings/dp/B075L93W26/ref=sr_1_32?dchild=1&keywords=smart+lights&qid=1588303604&sr=8-32"
"Kasa Smart WiFi Light Bulb, Dimmable by TP-Link – No Hub Required, Works with Alexa & Google (KL110)","$14.99","https://www.amazon.com/Kasa-Smart-Light-Dimmable-TP-Link/dp/B07G1PH3JL/ref=sr_1_33?dchild=1&keywords=smart+lights&qid=1588303604&sr=8-33"
"[2020 Upgrade] Smart LED Light Bulb 2.4G(Not 5G) A21 by 3Stone, 10W (100W Equivalent) E26 WiFi App Controlled, Dimmable Warm White(3000K) and RGB Colors, Works Perfect with Alexa, Google Assistant","$40.99","https://www.amazon.com/3Stone-Controlled-Dimmable-Equivalent-Assistant/dp/B07HR8GT12/ref=sr_1_34?dchild=1&keywords=smart+lights&qid=1588303604&sr=8-34"
"WiFi Smart LED Light Bulbs, A19 E26 RGB+W Color Changing Light Bulb Compatible with Alexa, Google Home Assistant and IFTTT + APP Control No Hub Required 7.5W (60W Equivalent)-2 Pack","$17.99","https://www.amazon.com/Changing-Compatible-Assistant-Required-Equivalent/dp/B083CYZNYJ/ref=sr_1_35?dchild=1&keywords=smart+lights&qid=1588303604&sr=8-35"
"Kasa 3 Way Smart Switch Kit by TP-Link, Wifi Light Switch works with Alexa and Google Home, Neutral Wire Required,No Hub Required, UL Certified, 2-Pack(HS210 KIT)","$39.99","https://www.amazon.com/TP-Link-Switch-HS210-KIT-1-Pack/dp/B07724HNTX/ref=sr_1_36?dchild=1&keywords=smart+lights&qid=1588303604&sr=8-36"
"LED Flood Light 100W Equivalent RGB Color Changing, Outdoor Bluetooth Smart Floodlights RGBW 2700K Warm White & 16 Million Colors, 20 Modes, Grouping, Timing, IP66 Waterproof (2 Pack)","$38.99","https://www.amazon.com/Changing-Bluetooth-Floodlights-Waterproof-Equivalent/dp/B07T1B5S58/ref=sr_1_37?dchild=1&keywords=smart+lights&qid=1588303604&sr=8-37"
"Smart Light Bulb, Treatlife Smart Wi-Fi Led Light Bulb Compatible with Alexa, Google Assistant, 16 Million RGBCW Color Changing Dimmable Light Bulb, A19 E26 8W (60W Equivalent), Schedule (4 Pack)","$39.99","https://www.amazon.com/Treatlife-Compatible-Assistant-Changing-Equivalent/dp/B083BRRZ4Y/ref=sr_1_38?dchild=1&keywords=smart+lights&qid=1588303604&sr=8-38"
"LED Strip Lights, L8star Led Lights Smart Color Changing Rope Lights 32.8ft/10M SMD 5050 RGB Light Strips with Bluetooth Controller Sync to Music Apply for TV, Bedroom and Home Decoration (32.8ft)","$43.99","https://www.amazon.com/L8star-Changing-Bluetooth-Controller-Decoration/dp/B0851WTB1V/ref=sr_1_39?dchild=1&keywords=smart+lights&qid=1588303604&sr=8-39"
"Smart Light Bulb Alexa LED Color Changing Light Bulbs,TECKIN A19 E27 60W 800LM Equivalent Compatible with Google Home,2800K-6000K Cold and Warm Light WiFi Blubs(7.5W),2pack","$20.99","https://www.amazon.com/Changing-TECKIN-Equivalent-Compatible-2800K-6000K/dp/B07ZJHKC8W/ref=sr_1_40?dchild=1&keywords=smart+lights&qid=1588303604&sr=8-40"
"Gosund Smart Light Switch, in-Wall WiFi Smart Switch That Works with Alexa and Google Home, No Hub Required, Neutral Wire Needed, Single-Pole 15A, ETL and FCC Listed,4 Pack White","$48.98","https://www.amazon.com/TanTan-Compatible-Single-Pole-required-Control/dp/B07MV1RTSV/ref=sr_1_41?dchild=1&keywords=smart+lights&qid=1588303604&sr=8-41"
"MagicLight Smart WiFi Light Bulb (No Hub Required), Dimmable Multicolor A19 E26 7W (60w Equivalent) RGBCW Smart LED Lights, Works with Alexa Google Home and Siri (3 Pack)","$26.99","https://www.amazon.com/MagicLight-Required-Multicolor-Equivalent-Compatible/dp/B07VLBCGP2/ref=sr_1_42?dchild=1&keywords=smart+lights&qid=1588303604&sr=8-42"
"Kasa Smart Dimmer Switch by TP-Link, Single Pole, Needs Neutral Wire,WiFi Light Switch for LED Lights, Works with Alexa and Google Assistant,UL Certified, 1-Pack(HS220)","$29.97","https://www.amazon.com/TP-Link-HS220-Dimmer-Switch-1-Pack/dp/B079775ZZQ/ref=sr_1_43?dchild=1&keywords=smart+lights&qid=1588303604&sr=8-43"
"Smart Light Bulb, WiFi Bulbs Work with Alexa, Siri, Google Home, Smart LED Bulb 10W Equivalent to 80W, 960LM Dimmable, Warm White to Daylight Adjustable, No Hub Required, 2 Pack Fitop E26 A19 Bulbs","$18.99","https://www.amazon.com/Equivalent-Dimmable-Daylight-Adjustable-Fitop/dp/B083LCXLDT/ref=sr_1_44?dchild=1&keywords=smart+lights&qid=1588303604&sr=8-44"
"Smart LED Light Bulb,E26 WiFi Dimmable LED Bulbs Work with Alexa,Google Home,A19 60W Equivalent Smart Bulb,No Hub Required,UL Listed,2.4G(Not 5G)","$7.99","https://www.amazon.com/Dimmable-Google-A19-Equivalent-Required/dp/B081JGD8H3/ref=sr_1_45?dchild=1&keywords=smart+lights&qid=1588303604&sr=8-45"
"Sengled Smart light Bulb Starter Kit, Smart Bulbs that Work with Alexa & Google Home, Smart LED Light Bulb A19 Soft White Light (2700K), 9W (60W Equivalent), 2 Smart Bulbs & 1 Smart Hub","$31.22","https://www.amazon.com/Sengled-Element-Classic-Equivalent-Assistant/dp/B01N2TVDYQ/ref=sr_1_46?dchild=1&keywords=smart+lights&qid=1588303604&sr=8-46"
"Smart Light Bulb, Alexa Bulbs WiFi LED Lighting 4 Pack Work with Smart Life App, Google Home, Avatar Controls RGBW Color Changing Lights, No Hub Required (E26 A19 8W)","$33.99","https://www.amazon.com/Lighting-Avatar-Controls-Changing-Required/dp/B07X2DVFS6/ref=sr_1_47?dchild=1&keywords=smart+lights&qid=1588303604&sr=8-47"
"Smart Light Bulbs, Aoycocr BR30 Dimmable LED Light Bulbs, 720 Lumen, Tunable White 2700K - 9000K,9 (80W Equivalent) No Hub Required, Wi-Fi, E26 Base (4 Pack)","$49.99","https://www.amazon.com/Smart-Light-Aoycocr-Dimmable-Tunable/dp/B07VCRJ9ZM/ref=sr_1_48?dchild=1&keywords=smart+lights&qid=1588303604&sr=8-48"